id,gid,body,admin,title,date,file_1,file_2,file_3,locked,mailto,parent,level,edit_in,removed,user_ip,mailback,priority,register,username,sort_date,link_url_1,link_url_2,link_url_3,file_info_1,file_info_2,file_info_3,link_name_1,link_name_2,link_name_3
7451,7451,<blank>,1,|קונוס| דביקים לקהילה |קונוס|,16/03/2009 - 23:55,NULL,NULL,NULL,1,<blank>,0,0,NULL,1,78.131.22.210,0,1,0,גזים,1365854345,http://,http://,http://,<blank>,<blank>,<blank>,<blank>,<blank>,<blank>
7468,7451,לבעלי אומץ להירשם לבטא,0,הם נותנים קישור,17/03/2009 - 21:01,NULL,NULL,NULL,0,<blank>,7464,4,NULL,0,192.117.102.36,0,0,1,ריימונד,1237323707,NULL,NULL,NULL,NULL,NULL,NULL,NULL,NULL,NULL
7471,7451,וכמובן ל-iPhone OS 3.0 בטא (הם באים ביחד למפתחים).,1,"הקישור הוא לבטא של ה-SDK, חבילת הפיתוח ל-3.0",17/03/2009 - 21:11,NULL,NULL,NULL,0,<blank>,7468,5,"<span dir=""ltr"">17/03/2009 - 21:12</span>",0,78.131.22.210,0,0,0,גזים,1237324264,http://,http://,http://,<blank>,<blank>,<blank>,<blank>,<blank>,<blank>
7479,7451,מישהו שיש לו את ערכת המפתחים ובודק את הבטא יוכל לדווח אם אכן העברית הוספה לתוכנה.,0,אני מניח שנשמח מאוד באם,18/03/2009 - 08:07,NULL,NULL,NULL,0,<blank>,7471,6,NULL,0,192.117.102.36,0,0,1,ריימונד,1237363634,NULL,NULL,NULL,NULL,NULL,NULL,NULL,NULL,NULL
7483,7451,<blank>,0,גם למפתחים אין מידע על זה בינתיים,18/03/2009 - 15:39,NULL,NULL,NULL,0,<blank>,7479,7,NULL,0,193.43.244.98,0,0,1,odedia,1237390764,NULL,NULL,NULL,NULL,NULL,NULL,NULL,NULL,NULL
16207,16207,<blank>,0,איך מחברים אייפד (הראשון) לאינטרנט עם אייפון 4 דרך 3G?,05/09/2011 - 19:10,NULL,NULL,NULL,0,<blank>,0,0,NULL,0,68.195.26.102,0,0,1,krembo8,1316271975,http://,http://,http://,<blank>,<blank>,<blank>,<blank>,<blank>,<blank>
16208,16207,"הוא יתחבר ב-3G וישתף את הרשת דרך ה-wifi, ואז ניתן באייפד לראות את הרשת שיוצר הטלפון ולהתחבר אליה",0,"מפעילים באייפון נקודת גישה אישית,",07/09/2011 - 00:07,NULL,NULL,NULL,0,<blank>,16207,1,NULL,0,109.186.47.16,0,0,1,דני רוזין,1315343265,NULL,NULL,NULL,NULL,NULL,NULL,NULL,NULL,NULL
16209,16209,"רציתי לדעת האם שיחות face time מאייפון לאייפון עולות כסף או שהן נכללות בחבילת הגלישה. אני יודעת ש AhatsUpp לא עולות, או כך לפחות הבנתי.<br />אודה על הסברים והבהרות<br />שבת שלום",0,face time,10/09/2011 - 17:49,NULL,NULL,NULL,0,<blank>,0,0,NULL,0,109.64.229.77,0,0,1,adinamor,1316635952,http://,http://,http://,<blank>,<blank>,<blank>,<blank>,<blank>,<blank>
16210,16209,"ברגע שהן יתאפשרו גם על 3G, הן ינגסו בחבילת הגלישה שלך (כמו WhatsApp, אגב).",0,לא עולה מהסיבה הפשוטה שהן על WiFi בלבד,10/09/2011 - 21:42,NULL,NULL,NULL,0,<blank>,16209,1,NULL,0,79.182.218.249,0,0,1,omeraloni,1315680164,NULL,NULL,NULL,NULL,NULL,NULL,NULL,NULL,NULL
16218,16207,<blank>,0,איך מפעילים נקודת גישה אישית?,13/09/2011 - 05:00,NULL,NULL,NULL,0,<blank>,16208,2,"<span dir=""ltr"">13/09/2011 - 18:49</span>",0,68.195.28.253,0,0,1,krembo8,1315879249,http://,http://,http://,<blank>,<blank>,<blank>,<blank>,<blank>,<blank>
16220,16207,<blank>,0,בהגדרות שורה שלישית,13/09/2011 - 23:33,NULL,NULL,NULL,0,<blank>,16218,3,NULL,0,212.117.151.70,0,0,1,דני רוזין,1315945988,NULL,NULL,NULL,NULL,NULL,NULL,NULL,NULL,NULL
16222,16207,<blank>,0,הגדרות שורה שלישית זה &quot;עדכונים&quot;... מה עושים?,14/09/2011 - 15:56,NULL,NULL,NULL,0,<blank>,16220,4,NULL,0,68.195.28.253,0,0,1,krembo8,1316004978,NULL,NULL,NULL,NULL,NULL,NULL,NULL,NULL,NULL
16223,16207,http://support.apple.com/kb/HT4517<br /><br />ויש גם הסבר בעברית כאן:<br /><br />http://www.tgspot.co.il/iphone-4-personal-hotspot/<br /><br />בהצלחה;-),0,הוראות מפורטות כאן:,14/09/2011 - 16:53,NULL,NULL,NULL,0,<blank>,16222,5,NULL,0,89.138.24.156,0,0,1,jenya7108,1316008389,NULL,NULL,NULL,NULL,NULL,NULL,NULL,NULL,NULL
16224,16224,"רציתי לדעת האם אנשי הקשר יעברו מהאייפון למחשב חדש כשאסנכרן את המכשיר(אני יודע שאאבד<br />מידע בסנכרון לספריית אייטונז חדשה, אך האם אאבד את אנשי הקשר?). שאר המידע לא מעניין אותי<br />והוא כבר מגובה בתיקיות. האמת שמצאתי דרך במק, באדרס בוק לייצא את כל אנשי הקשר לקובץ, ואז לייבא<br />אותו לאדרס בוק במחשב/יוזר אחר ואז לסנכרן, אך הייתי מאד רוצה לדעת, מה קורה עם אנשי הקשר,<br />אם הם עוברים למק החדש, או נמחקים כשאני מסנכרן למחשב חדש, בלי הפעולה של ייצוא/ייבוא,<br />וגם, מה הפרוצידורה מול פי סי. <br />תודה!!",0,סנכרון אייפון לספריה / מחשב חדשים,14/09/2011 - 17:02,NULL,NULL,NULL,0,<blank>,0,0,"<span dir=""ltr"">14/09/2011 - 17:07</span>",0,192.118.11.120,0,0,1,soundracer,1316167026,http://,http://,http://,<blank>,<blank>,<blank>,<blank>,<blank>,<blank>
16225,16225,"הכוונה שלי היא,<br />מה עלי לעשות לפני שאני מפקיד אותו לשירות באורנג',<br />מאחר והם לא מבטיחים שלא ימחקו את המידע שע&quot;ג המכשיר.<br /><br />אני מקפיד לעשות סנכרון מדי יומיים,<br />אבל מה יהיה עם שאר התמונות, הודעות, הגדרות ואפליקציות שצברתי עם הזמן?<br />יש משהו שידוע לגבות את כל המידע הזה?<br /><br />כמו כן מתעוררת עוד בעיה - <br />האם ישנה אפשרות בiPhoto במק להוריד את כל התמונות שבאייפון לתיקיה אחת בלבד?<br />כל זמן שניסיתי להוריד תמונות אז הוא פיצל לי אותן לתיקיות/Events שונים מה שיצר<br />הרבה בלאגן בiPhoto.<br /><br />אשמח לכל עזרה שהיא.<br /><br />אהד.",0,עזרה - מה עלי לעשות לפני שאני מפקיד את האייפון לתיקון באורנג'?,14/09/2011 - 18:51,NULL,NULL,NULL,0,ohad1co@gmail.com,0,0,NULL,0,109.64.17.49,1,0,1,ohad1co,1316159677,http://,http://,http://,<blank>,<blank>,<blank>,<blank>,<blank>,<blank>
16229,16207,המערכת אינה מעודכנת לגירסה מספיק מתקדמת. זו תכונה שהוספה באחד העידכונים.,0,"אם כך אז זה חס אצ||, כנראה כי",14/09/2011 - 23:52,NULL,NULL,NULL,0,<blank>,16222,5,NULL,0,93.173.160.194,0,0,1,דני רוזין,1316033569,NULL,NULL,NULL,NULL,NULL,NULL,NULL,NULL,NULL
16232,16224,<blank>,0,"מקפיץ, עיזרו בבקשה !",15/09/2011 - 16:30,NULL,NULL,NULL,0,<blank>,16224,1,NULL,0,2.54.254.4,0,0,1,soundracer,1316093456,NULL,NULL,NULL,NULL,NULL,NULL,NULL,NULL,NULL
16234,16225,ויכול להמליץ לי על כמה צעדים פשוטים לפני שאני עושה זאת ביום שני?<br />זה יכול לחסוך לי הרבה כאב ראש.<br /><br />,0,אף אחד פה לא הפקיד את האייפון שלו לתיקון?,16/09/2011 - 10:36,NULL,NULL,NULL,0,ohad1co@gmail.com,16225,1,NULL,0,79.176.28.190,1,0,1,ohad1co,1316158609,NULL,NULL,NULL,NULL,NULL,NULL,NULL,NULL,NULL
16235,16224,<blank>,0,מישהו? בבקשה.. העניין דחוף לי מאד,16/09/2011 - 10:43,NULL,NULL,NULL,0,<blank>,16232,2,NULL,0,109.65.216.199,0,0,1,soundracer,1316158980,NULL,NULL,NULL,NULL,NULL,NULL,NULL,NULL,NULL
16236,16225,"היי אהד, אם המידע שלך מגובה, אין בעיה. <br />אם יחליפו לך מכשיר, או יאפסו את שלך, שזה אותו <br />דבר לצורך העניין שלך, כל שעליך לעשות הוא לחבר את המכשיר החדש<br />למחשב, לפתוח את אייטונז, היא תזהה את המכשיר ותשאל אותך אם אתה רוצה להגדיר<br />אותו כמכשיר חדש, או להחזיר את כל המידע הקודם מהגיבוי (שם האייפון הקודם שקבעת). <br />עליך לבחור בשם המכשיר הקודם ותוך מס׳ דקות המערכת תשפוך את כל הגיבוי למכשיר<br />החדש, ובתום הסנכרון הוא יראה בדיוק כמו הקודם. עם כל המידע שהיה, סטינגס והכל!<br />המכשיר יראה בול כמו זה הקודם, מכל הבחינות!<br />בנוגע לתמונות, 2 אפשרויות, או שתסנכרן עם אייפוטו ולאחר הסנכרון תאחד את האיוונטים<br />הנפרדים לאיוונט אחד (ע״י גרירה של איוונט אחד לשני, ועוד פעם ועוד פעם עד שהם יהיו<br />מאוחדים כאיוונט אחד). <br />אפשרות שניה: אם אתה עובד עם מק,יש לך באפליקציות של המק תוכנה שנקראת<br />״image capture&quot; פתח אותה, המתן כמה שניות-תלוי כמה סרטים ותמונות יש לך-<br />עד שכל התיקייה תזוהה ואז תייצא למחשב לתיקייה שתבחר. אם אתה עם פי סי, חבר המכשיר למחשב, ותחת המחשב שלי, תזהה את האייפוו כהתקן חיצוני(כמו דיסק און קי)<br />ותוכל לגרור משם את כל תיקיית אלבום המצלמה שלך לתיקייה שתבחר. בהצלחה !",0,תשובות,16/09/2011 - 10:54,NULL,NULL,NULL,0,<blank>,16234,2,NULL,0,109.65.216.199,0,0,1,soundracer,1316159677,NULL,NULL,NULL,NULL,NULL,NULL,NULL,NULL,NULL
16237,16224,"לדעתי הם לא ימחקו ויועברו למחשב החדש, תנסה ותראה.<br />בכל מקרה, הפתרון של ייצוא אנשי הקשר מהמחשב הישן (מק או PC) יסייע לך במידה ואני טועה, ותוכל לשחזר את כל אנשי הקשר.<br />את ספריית ה-iTunes אפשר להעביר כמו שהיא למחשב החדש ולמקם אותה במיקום ברירת המחדל או לפתוח את iTunes כאשר Alt לחוץ ואז קיימת אפשרות לבחור את הספריה.",0,אני לא זוכר איך זה היה אצלי,16/09/2011 - 12:57,NULL,NULL,NULL,0,<blank>,16224,1,NULL,0,79.177.214.201,0,0,1,omeraloni,1316167026,NULL,NULL,NULL,NULL,NULL,NULL,NULL,NULL,NULL
16238,16207,<blank>,0,תודה רבה,17/09/2011 - 18:06,NULL,NULL,NULL,0,<blank>,16223,6,NULL,0,68.195.28.253,0,0,1,krembo8,1316271975,NULL,NULL,NULL,NULL,NULL,NULL,NULL,NULL,NULL
16239,16239,"יש לי אייפון 4 מעודכן, איימק ואייפד 2.<br />אני לא מצליחה לסנכרן תמונות מאיפוטו לאייפד. מופיעה לי ההודעה:<br />The iPad &quot;Adina Mor's&quot; cannot be synced. An unknown error ocurred [-50]<br />ואחרי שניסתי עוד פעם הודיעה לי ההודעה הבאה<br />The iPad &quot;Adina Mor's iPad&quot; cannot br synced. The required file cannot be found<br /> כל המכשירים חוקיים, לא פרוצים ומעודכנים.<br />תודה רבה למי שיעזור לי<br />וכ",0,סינכרון,20/09/2011 - 08:09,NULL,NULL,NULL,0,<blank>,0,0,"<span dir=""ltr"">20/09/2011 - 08:15</span>",0,79.180.233.45,0,0,1,adinamor,1316495351,http://,http://,http://,<blank>,<blank>,<blank>,<blank>,<blank>,<blank>
16240,16240,"היי כולם,<br /><br />האייפון לפתע כבה, וכשניסיתי להדליק אותו הופיע עליו הסימן שאני צריך לחבר אותו לאייטיוס.<br />כשעשיתי את זה הופיעה הודעה שאני חייב לעשות ריסטור למכשיר.<br />לחצתי אוקי, ירד הקובץ, אבל ברגע שהוא מנסה לבצע את הריסטור אני מקבל את ההודעה הבאה,<br />שאומרת שאי אפשר להשלים את התהליך.<br /><br />ניתקתי את כל שאר הדברים שמחוברים למחשב כך שרק האייפון מחובר אליו, ביצעתי עדכון דרך software update, איתחלתי את המחשב מחדש, ניסיתי שוב ועדיין קיבלתי את אותה ההודעה.<br /><br />יש למישהו מושג מה השלב הבא?<br /><br />",0,בעיה בריסטור  iPhone 3gs,20/09/2011 - 20:26,png,NULL,NULL,0,<blank>,0,0,"<span dir=""ltr"">20/09/2011 - 20:28</span>",0,93.219.137.136,0,0,1,Jonny,1316596267,http://,http://,http://,הודעה,<blank>,<blank>,<blank>,<blank>,<blank>
16241,16240,"מצאתי פתרון לבעיה הקודמת; ע&quot;י הוספת # ורווח בקובץ host הצלחתי לעבור לשלב הבא של הריסטור.<br /><br />אלא שאז מופיעה תקלה חדשה, 1604 במספר.<br /><br />החלפתי כבל יואסבי, החלפתי יציאות מהמחשב, שוב דבר לא עזר.<br /><br /><br />עדיין תקוע אנשים.  מישהו יכול לעזור?",0,בעיה חדשה,21/09/2011 - 12:11,png,NULL,NULL,0,<blank>,16240,1,NULL,0,93.219.137.93,0,0,1,Jonny,1316596267,http://,http://,http://,<blank>,<blank>,<blank>,<blank>,<blank>,<blank>
16242,16242,"<br />עיתונאים המקליטים מרואיינים, בייחוד במסיבות עיתונאים, באמצעות האייפון שלהם.<br />שאלתי: מהי תוכנת ההקלטה הטובה ביותר באייפון לניסיון החברים בפורום.",0, תוכנת הקלטה באייפון. רואים בחדשות כמה ,21/09/2011 - 20:56,NULL,NULL,NULL,0,<blank>,0,0,NULL,0,192.117.102.36,0,0,1,ריימונד,1317741636,http://,http://,http://,<blank>,<blank>,<blank>,<blank>,<blank>,<blank>
16243,16209,ולא וואטסאפ..,0,מהניסיון שלי סקייפ היא הזוללת,21/09/2011 - 23:12,NULL,NULL,NULL,0,<blank>,16210,2,NULL,0,46.120.44.249,0,0,1,arthur01022,1316635952,NULL,NULL,NULL,NULL,NULL,NULL,NULL,NULL,NULL
16244,16242,"דרך האפליקציה המובנית, והאיכות הייתה מעולה.",0,בתור עיתונאי יצא לי להקליט מרואיינים,21/09/2011 - 23:13,NULL,NULL,NULL,0,<blank>,16242,1,NULL,0,46.120.44.249,0,0,1,arthur01022,1316636002,NULL,NULL,NULL,NULL,NULL,NULL,NULL,NULL,NULL
16245,16242,מה אורך מירבי של הקלטה? איך אתה מעביר למחשב?,0,איך קוראם לתוכנה?,21/09/2011 - 23:26,NULL,NULL,NULL,0,<blank>,16244,2,NULL,0,192.117.102.36,0,0,1,ריימונד,1316636805,NULL,NULL,NULL,NULL,NULL,NULL,NULL,NULL,NULL
16246,16242,"קוראים לה Voice Memos,<br />האורך המירבי לא ידוע לי, אפשר להעביר את ההקלטות ע&quot;י שליחה באימייל או בהודעה, והיא נותנת את האפשרות לערוך את הקול ע&quot;י חיתוך תחילת הקטע וסופו.",0,תשובות,22/09/2011 - 00:06,NULL,NULL,NULL,0,<blank>,16245,3,NULL,0,46.120.44.249,0,0,1,arthur01022,1316639168,NULL,NULL,NULL,NULL,NULL,NULL,NULL,NULL,NULL
16247,16242,למישהו בתוכנות הקלטה נוספות?<br />,0,תודה על תשובתך המפורטת. האם יש עוד ניסיון,22/09/2011 - 08:08,NULL,NULL,NULL,0,<blank>,16246,4,NULL,0,192.117.102.36,0,0,1,ריימונד,1316668097,NULL,NULL,NULL,NULL,NULL,NULL,NULL,NULL,NULL
16248,16242,"אינו מעשי.<br />ניסיתי להקליט מישהו במשך כשעה. התוצאה הייתה קובץ במשקל של יותר ממאה מגה.<br />קובץ כזה אינו יכול לעוף למחשב דרך אימייל. אף חברה לא מעבירה קבצים כאלו. אני מחפש תוכנת הקלטה טובה, שיכולה להעביר ה&quot;תוצרת&quot; דרך כבל למחשב. ישנה תוכנה בשם  iTalk המעבירה קבצי הקלטות דרך  הוויפי למחשב.<br />אני מחפש המלצות על תוכנות נוספות",0,במחשבה שנייה: הפתרון של התוכנה של אפל ,22/09/2011 - 08:33,NULL,NULL,NULL,0,<blank>,16246,4,NULL,0,192.117.102.36,0,0,1,ריימונד,1316669628,http://,http://,http://,<blank>,<blank>,<blank>,<blank>,<blank>,<blank>
16249,16242,והתוכנה משייכת אותו לאלבום בשם voice memos<br /><br />,0,הקובץ עובר לאייטיונס בסנכרון,22/09/2011 - 14:56,NULL,NULL,NULL,0,<blank>,16248,5,NULL,0,132.68.46.59,0,0,1,שאול מ.,1316692594,NULL,NULL,NULL,NULL,NULL,NULL,NULL,NULL,NULL
16250,16242,<blank>,0,זה כבר יותר מעודד.,22/09/2011 - 19:19,NULL,NULL,NULL,0,<blank>,16249,6,NULL,0,192.117.102.36,0,0,1,ריימונד,1316708384,NULL,NULL,NULL,NULL,NULL,NULL,NULL,NULL,NULL
16251,16242,<blank>,0,"חח כן, שכחתי את הפרט השולי הזה...",22/09/2011 - 21:21,NULL,NULL,NULL,0,<blank>,16250,7,NULL,0,46.120.44.249,0,0,1,arthur01022,1316715681,NULL,NULL,NULL,NULL,NULL,NULL,NULL,NULL,NULL
16252,16252,"איך ניתן לשנות/לבטל ארוע שנקלט ביומן , דרך יומן אחר כמו אאוטלוק לתוך היומן שלי באייפון.<br />רק ארוע שאני יצרתי באייפון לבד , האייפון נותן לי לערוך את הארוע. אבל ארוע שנקלט מיומן אחר לא נותן לי לשנות/לתקן לבטל את הארוע, מדוע? זה מאוד לא נוח. האם ניתן לשעות שינויים? אם כן איך? לא מצאתי אפשרות כזו.<br /><br />אשמח לעזרה בנושא.",0,עריכת ארוע ביומן שלא אני יצרתי,23/09/2011 - 14:05,NULL,NULL,NULL,0,<blank>,0,0,NULL,0,192.116.80.199,0,0,1,דליתשחר,1316775905,http://,http://,http://,<blank>,<blank>,<blank>,<blank>,<blank>,<blank>
16253,16253,"יש לי שני איפונים שנקנו בערך באותו הזמן, באורך פלא לשניהם מסך הבית הפסיק להגיב כמו שצריך..<br />אני צריך לגבות את שניהם כמו שצריך.. פעם אחרונה שגיביתי איפון, הסינכרון פשוט דפק את הגיבוי.. אני חושב..<br /><br />איך אני מגבה את האיפון ב100% בצורה שהגיבוי לא יוכל להידפק לי? (כולל תמונות ממצלמה, אנשי קשר [במכשיר אחד אין סינכרון לADRESS BOOK) ועוד..)",0,איך מגבים איפון בביטחה?,24/09/2011 - 14:03,NULL,NULL,NULL,0,<blank>,0,0,NULL,0,80.178.11.227,0,0,1,MorTimer,1316862200,http://,http://,http://,<blank>,<blank>,<blank>,<blank>,<blank>,<blank>
16254,16254,שנה טובה ומתוקה|!| ד&quot;א |מאושר||אפלב||כתום|,0,אפשר להתקין את iOS על Sansung Galaxy S2 |?|,28/09/2011 - 19:31,NULL,NULL,NULL,0,<blank>,0,0,NULL,0,84.228.189.144,0,0,1,Ph0eN1x,1317246120,http://,http://,http://,<blank>,<blank>,<blank>,<blank>,<blank>,<blank>
16255,16255,שכחתי את הסיסמת גיבוי לאייפון ועשיו אני לא יכול להיכנס לגיבוי בלי הסיסמא... <br />איך מסירים את הסיסמא?<br />,0,איך מבטלים סיסמת גיבוי באייטיונס?,29/09/2011 - 00:32,NULL,NULL,NULL,0,<blank>,0,0,"<span dir=""ltr"">29/09/2011 - 00:41</span>",0,68.195.28.253,0,0,1,krembo8,1317541903,http://,http://,http://,<blank>,<blank>,<blank>,<blank>,<blank>,<blank>
16256,16254,"<a href=""http://allthingsd.com/20110923/what-are-apples-icons-doing-on-samsungs-wall-of-apps/"" target=""_blank"">קישור...</a>",0,סמסונג חושבים שניתן,29/09/2011 - 00:42,NULL,NULL,NULL,0,<blank>,16254,1,NULL,0,183.37.183.111,0,0,1,nirl,1317246120,NULL,NULL,NULL,NULL,NULL,NULL,NULL,NULL,NULL
16257,16257,הייתה לי בעיה בטלפון שלא הייתה קליטה אז עשיתי ריסטור.. כל מה שהיה לי על הטלפון נמחק למרות שלפני הריסטור עשיתי סינכ לא הייתה לי את האפשרות לעשות ריסטור מהבקאפ.. הדברים שהיו לי על הטלפון מאד חשובים לי אשמח אם יש דרך לשחזר את מה שהיה לי בטלפון. האייטיונס מעודכן לחדש ביותר.<br />iPhone 3GS אם זה רלוונטי..<br />תודה.. |לב|,0,ריסטור מבק אפ,29/09/2011 - 10:05,NULL,NULL,NULL,0,<blank>,0,0,"<span dir=""ltr"">29/09/2011 - 10:11</span>",0,77.125.82.234,0,0,1,tal8202,1317279947,http://,http://,http://,<blank>,<blank>,<blank>,<blank>,<blank>,<blank>
16258,16258,"אורג' החליפו לי שני איפונים שהכפתור בית שלהם תקול.. אין לי מושג אם האיפונים האלה חדשים או מאיפה הם הביאו אותם.. מדובר באיפונים שחורים.<br /><br />שמתי לב שרק רמקול אחד עובד בשניהם, הימני. אם שמים עליו אצבע כמעט לא שומעים כלום, כאילו הרמקול השני ליופי.. מישהו יודע למה זה ואיך זה שזה בשניהם? בהתחלה חשבתי שאורג' הביאו לי איפון תקול.. אני עדין לא שולל את זה, אבל למישהו יש ידע בנושא?<br /><br />באיפון 4 השלישי שלא הוחלף והוא ישן, אין את הדבר הזה...",0,שינוי ברמקולים של האיפון? הגיוני,29/09/2011 - 18:59,NULL,NULL,NULL,0,<blank>,0,0,"<span dir=""ltr"">29/09/2011 - 19:02</span>",0,85.130.218.195,0,0,1,MorTimer,1317328376,http://,http://,http://,<blank>,<blank>,<blank>,<blank>,<blank>,<blank>
16259,16258,ה&quot;רמקול&quot; השמאלי הוא המיקרופון.,0,אין שני רמקולים באייפון.,29/09/2011 - 19:04,NULL,NULL,NULL,0,<blank>,16258,1,NULL,0,46.120.44.249,0,0,1,arthur01022,1317312292,NULL,NULL,NULL,NULL,NULL,NULL,NULL,NULL,NULL
16260,16258,"יש לי אחד ישן ובו שתי היציאות האלה עובדות, או לפחות שאני שם אצבע על הימנית האיפון לא מושתק לי..",0,זה שונה מהאיפון 4 הראשונים שהיו,29/09/2011 - 20:04,NULL,NULL,NULL,0,<blank>,16259,2,"<span dir=""ltr"">29/09/2011 - 20:05</span>",0,85.130.218.195,0,0,1,MorTimer,1317315894,http://,http://,http://,<blank>,<blank>,<blank>,<blank>,<blank>,<blank>
16261,16258,פשוט המנע מלחסום את הרמקול......<br /><br />שנה טובה |צהוב|,0,תמיד היה מדובר במיקרופון ורמקול,29/09/2011 - 23:32,NULL,NULL,NULL,0,<blank>,16260,3,NULL,0,46.120.44.249,0,0,1,arthur01022,1317328376,NULL,NULL,NULL,NULL,NULL,NULL,NULL,NULL,NULL
16262,16262,"שלום,<br />ביום בהיר וללא כל סיבה לא שומעים בטלפון בצד השני אודיו מהאייפון, באייפון האודין נשמע תקין.<br />בצעתי ריסטרט חלקי,מלא והתקנה מחדש ללא פיתרון.<br />יש פתרון או שמדובר בתקלת חומרה ?<br />תודה.<br />",0,לא נשמע קול מהאיפון בשיחת טלפון,30/09/2011 - 13:58,NULL,NULL,NULL,0,<blank>,0,0,NULL,0,79.183.217.94,0,0,1,ויצמן,1317549413,http://,http://,http://,<blank>,<blank>,<blank>,<blank>,<blank>,<blank>
16263,16255,לא ניתן...,1,מה הרעיון של סיסמה?,02/10/2011 - 09:51,NULL,NULL,NULL,0,<blank>,16255,1,NULL,0,93.173.37.176,0,0,0,שימי לב,1317541903,NULL,NULL,NULL,NULL,NULL,NULL,NULL,NULL,NULL
16264,16262,אם כן- תבדוק בתכנת ההקלטה אם זה עובד...<br /><br />אם לא- תקלת חומרה (כך זה נשמע).,1,אתה מתכוון למיקרופון?,02/10/2011 - 11:56,NULL,NULL,NULL,0,<blank>,16262,1,NULL,0,93.173.37.176,0,0,0,שימי לב,1317549413,NULL,NULL,NULL,NULL,NULL,NULL,NULL,NULL,NULL
16265,16242,תשפוט בעצמך איך האיכות,0,הנה הקלטה מהתוכנה המובנית באייפון,03/10/2011 - 20:24,NULL,NULL,NULL,0,<blank>,16242,1,NULL,0,93.172.36.156,0,0,1,Ayala,1317666269,http://www.youtube.com/watch?v=cD8M9cYrPvQ,http://,http://,<blank>,<blank>,<blank>,היא חזרה בתשובה,<blank>,<blank>
16266,16266,"יהיה Event מיוחד שיהיה ניתן לצפות בו באתר שלהם|?|<br />אם כן, באיזה שעה|?|",0,זה נכון שאפל יציגו מחר אייפון חדש|?| אם כן יש לי שאלה...,03/10/2011 - 21:52,NULL,NULL,NULL,0,<blank>,0,0,"<span dir=""ltr"">03/10/2011 - 21:52</span>",0,84.228.168.145,0,0,1,Ph0eN1x,1317720136,http://,http://,http://,<blank>,<blank>,<blank>,<blank>,<blank>,<blank>
16267,16266,"מחר יתקיים אירוע של אפל העוסק באייפון, ככה&quot;נ באירוע יוצג האייפון החדש. האירוע יתקיים בשעה 19:00 (לפי שעון ישראל) וכרגע לא מתכונן שידור שלו באופן ישיר, אפשר לעקוב אחרי האירוע באין סוף אתרים, למשל כאן:<br />http://www.macrumors.com/",0,תשובות,03/10/2011 - 23:14,NULL,NULL,NULL,0,<blank>,16266,1,NULL,0,217.132.136.221,0,0,1,jenya7108,1317676491,NULL,NULL,NULL,NULL,NULL,NULL,NULL,NULL,NULL
16268,16266,<blank>,0,תודה|!|,04/10/2011 - 11:22,NULL,NULL,NULL,0,<blank>,16267,2,NULL,0,212.25.73.57,0,0,1,Ph0eN1x,1317720136,NULL,NULL,NULL,NULL,NULL,NULL,NULL,NULL,NULL
16269,16242,<blank>,0,איכות מעולה!,04/10/2011 - 17:20,NULL,NULL,NULL,0,<blank>,16265,2,NULL,0,109.66.207.197,0,0,1,arthur01022,1317741636,NULL,NULL,NULL,NULL,NULL,NULL,NULL,NULL,NULL
16270,16270,מה לעשות. חיביתי מחשב. אני המישתמש היחידי במחשב. macbook pro lion,0,לא מצליך להתקין ios 4.3.5 error message,05/10/2011 - 06:06,NULL,NULL,NULL,0,gahlsela@gmail.com,0,0,NULL,0,79.178.210.172,1,0,1,gahlsela,1317835426,http://,http://,http://,/Users/gahlsela/Desktop/Screen Shot 2011-10-05 at 06.03.52.p,<blank>,<blank>,<blank>,<blank>,<blank>
16271,16270,<blank>,1,איזו שגיאה אתה מקבל? קצת פירוט לא הזיק לאפ'חד,05/10/2011 - 19:23,NULL,NULL,NULL,0,<blank>,16270,1,NULL,0,188.64.200.103,0,0,0,שימי לב,1317835426,NULL,NULL,NULL,NULL,NULL,NULL,NULL,NULL,NULL
16272,16272,"אז ככה הבעיה היא כזאת:<br />בעבודה יש לי מחשב נייח (עם WINDOWS) שמחובר לאינטרנט באמצעות LAN - חיבור רשת רגיל.<br />למחשב אין מתאם רשת אלחוטי ולכן חיבור AD-HOC או כל דבר שמצריך שיתוף דרך אינטרנט אלחוטי לא יעזור לי במקרה הזה.<br />אני רוצה לחבר את האייפון שלי למחשב דרך כבל USB ושהאייפון יוכל לקבל תקשורת באמצעות הUSB.<br />כך אוכל להשתמש באפליקציות הפרטיות שלי במכשיר תוך כדי שימוש באינטרנט.<br />במק בבית הדבר מתבצע באופן אוטומטי - ברגע שאני מחבר את האייפון, הוא מקבל את התקשורת מהמחשב, האם יש אפשרות כזו גם בPC?<br /><br />חיפשתי מדריכים באינטרנט אך כל מה שמצאתי משתמש במתאם רשת האלחוטי שאין ברשותי, יש למישהו פתרון?<br />",0,גלישה באייפון דרך המחשב בכבל USB ,06/10/2011 - 11:35,NULL,NULL,NULL,0,<blank>,0,0,NULL,0,109.67.16.136,0,0,1,eliorar,1317893738,http://,http://,http://,<blank>,<blank>,<blank>,<blank>,<blank>,<blank>
16273,16273,הסיבה היא שיווקית.<br />ראו בקישור.,0,הסיבה האמיתית שלא הוכרז iPhone 5,07/10/2011 - 05:59,NULL,NULL,NULL,0,<blank>,0,0,NULL,0,93.173.46.184,0,0,1,אילן סקלי,1317959996,http://news.cnet.com/8301-31322_3-20115654-256/the-real-reason-theres-no-iphone-5-the-carriers/?tag=nl.e435,http://,http://,<blank>,<blank>,<blank>,שיווק חכם,<blank>,<blank>
16274,16274,"שלשום לקחתי אייפון 4 מאורנג', אחרי ש-3 שנים נהניתי מהאייפון 3GS שלי.<br />כשחזרתי הביתה והדלקתי את המכשיר החדש שמתי לב שתאורת המסך שלו צהבהבה למדיי. כשהנחתי אותו ליד האייפון הישן - ניתן היה להבחין בהבדלי הצבעים בקלות.<br /><br />השאלה שלי היא אם העניין הזה מוכר. האם מדובר בפגם? או שפשוט באופן כללי המסכים של האייפון 4 צהבהבים יותר, ובמידה ואכן זה משהו מוכר אך לא גורף, האם נראה לכם שניתן להחליף למכשיר חדש בחברה הסלולרית?",0,מסך צהוב אייפון 4,08/10/2011 - 21:36,NULL,NULL,NULL,0,<blank>,0,0,NULL,0,80.178.31.55,0,0,1,Adidas,1318102599,http://,http://,http://,<blank>,<blank>,<blank>,<blank>,<blank>,<blank>
16275,16275,"זה נראה לי כמו פילפס, אבל אני גם כבר לא רואה טוב, וגם זה לא נפתח לי עם פילפס שענים",0,איזה ברגים יש למטה באייפון 3G?,09/10/2011 - 19:46,NULL,NULL,NULL,0,<blank>,0,0,NULL,0,87.69.188.91,0,0,1,Nirho,1318225816,http://,http://,http://,<blank>,<blank>,<blank>,<blank>,<blank>,<blank>
16276,16275,http://www.ifixit.com/Teardown/iPhone-3GS-Teardown/817/1<br /><br /><br />(צעד 3).<br /><br />,0,"אכן, זה פיליפס, אתה יכול לבדוק כאן:",10/10/2011 - 07:50,NULL,NULL,NULL,0,<blank>,16275,1,NULL,0,217.132.155.9,0,0,1,jenya7108,1318225816,NULL,NULL,NULL,NULL,NULL,NULL,NULL,NULL,NULL
16277,16277,אני מצליח להפעיל סרטונים רק בצורה אנכית. כלומר המצב הרגיל שהוא גם המצב הנעול בעצם לא עובד. זה ככה רק בסרטונים גם. <br />למישהו יש מושג מה זה? האמת ש איפון כולו תקוע... יכול להיות שזה קשור לזה שהחלפתי אותו תחת אחריות אולי השחזור של הגיבוי דפק את התוכנה איכשהו? ,0,איפוד של איפון 4 עובד רק בצורה אנכית,10/10/2011 - 13:17,NULL,NULL,NULL,0,<blank>,0,0,NULL,0,2.53.125.16,0,0,1,MorTimer,1318451281,http://,http://,http://,<blank>,<blank>,<blank>,<blank>,<blank>,<blank>
16278,16277,"כגון סוג האייפון, מערכת הפעלה שלו וכד'. אבל, בעיקרון בבעיות באייפון תמיד מתחילים בלעשות ריסטרט למכשיר. אם זה לא עוזר תמיד אפשר לעשות ריסטור למכשיר דרך האייטיונס (צריך לוודא שיש גיבוי מלא לכל הדברים על הטלפון ולהוריד גירסא עדכנית של אייטיונס). כל זה, בהנחה שהמכשיר לא פרוץ. ",0,חסרים המון פרטים בשאלה,11/10/2011 - 09:30,NULL,NULL,NULL,0,<blank>,16277,1,NULL,0,89.138.138.146,0,0,1,jenya7108,1318318251,NULL,NULL,NULL,NULL,NULL,NULL,NULL,NULL,NULL
16279,16279,by mistake,0,למחוק...,11/10/2011 - 20:39,NULL,NULL,NULL,0,<blank>,0,0,"<span dir=""ltr"">12/10/2011 - 12:42</span>",1,2.53.125.16,0,0,1,MorTimer,1318358361,http://,http://,http://,<blank>,<blank>,<blank>,<blank>,<blank>,<blank>
16280,16280,"<br />היי,<br />אשמח לעזרה.<br />התקנתי IOS 5 בטא לפני איזה חודשיים על האייפון 4 שלי, ובשלב מסויים החלטתי לחזור ל4 בגלל כל מיני תקיעות. הבעיה היא שלא גיביתי את המכשיר לפחות חודש לפני שהתקנתי את הiOs, ופשוט שיחזרתי אסמסים מהגיבוי האחרון שהיה לי.<br />כרגע הבנתי שיש מצב שהתוכן מגובה על ידי iCloud? ניסיתי להכנס למשתמש שלי דרך icloud.com וראיתי תוכן שקשור אליי באותו זמן שהשתמשתי בiOS5. השאלה שלי היא האם ניתן לשחזר את האסמסים שכתבתי באותה תקופה?<br /><br />תודה רבה!! ",0,iCloud ושחזור SMSים,11/10/2011 - 21:17,NULL,NULL,NULL,0,<blank>,0,0,NULL,0,212.199.10.93,0,0,1,Shanisr,1318360625,http://,http://,http://,<blank>,<blank>,<blank>,<blank>,<blank>,<blank>
16281,16281,יש למישהו מושג באיזה שעה תשוחרר מערכת ההפעלה החדשה IOS 5?,0,IOS5 באיזה שעה?,12/10/2011 - 11:45,NULL,NULL,NULL,0,<blank>,0,0,NULL,0,79.183.202.40,0,0,1,adircohen,1318445036,http://,http://,http://,<blank>,<blank>,<blank>,<blank>,<blank>,<blank>
16282,16281,<blank>,0,בשבע,12/10/2011 - 13:48,NULL,NULL,NULL,0,<blank>,16281,1,NULL,0,80.179.252.196,0,0,1,tomer1749,1318420133,NULL,NULL,NULL,NULL,NULL,NULL,NULL,NULL,NULL
16283,16281,"אהלן,<br />האם זה יהיה בסדר לעדכן למע' הפעלה חדשה לאייפד 2 שהורדתי אליו cydia וinstaller ?",0,עדכון גרסא לאייפד 2 פרוץ (cydia),12/10/2011 - 20:00,NULL,NULL,NULL,0,<blank>,16281,1,NULL,0,213.8.67.67,0,0,1,מור87,1318442453,NULL,NULL,NULL,NULL,NULL,NULL,NULL,NULL,NULL
16284,16281,מבחינת אפל.<br />אבל זה מוחק את הפריצה.,0,זה יהיה יותר מבסדר.,12/10/2011 - 20:43,NULL,NULL,NULL,0,<blank>,16283,2,NULL,0,85.64.55.61,0,0,1,Dragula,1318445036,NULL,NULL,NULL,NULL,NULL,NULL,NULL,NULL,NULL
16285,16277,עכשיו רק באפלקציה של הוידאוים זה ככה. באיפוד זה עובד בשני המצבים..,0,לאחר עידכון ל5,12/10/2011 - 22:28,NULL,NULL,NULL,0,<blank>,16278,2,NULL,0,80.178.12.184,0,0,1,MorTimer,1318451281,NULL,NULL,NULL,NULL,NULL,NULL,NULL,NULL,NULL
16286,16286,"שמעתי שהעדכון יצא בשעה 7 בערב אז אחרי שגיביתי את האיפון עשיתי על הדקה את העדכון . סימנתי שהאיפון יוריד את העדכון ואז יעדכן אוטומטית את המכשיר , אבל בגלל שהסרברים התחילו לעבוד לאט וזמן ההורדה עמד על 40 דקות והייתי חייב ללכת , ניתקתי את המכשיר מהמחשב ( איפון 4 16 גיגה , המכשיר היה במצב רגיל ... ) והלכתי .<br />חזרתי הביתה וההורדה כבר הסתיימה , חיברתי את המחשב עשיתי אפדייט והתחלה הכל היה בסדר אבל אז הופיעה תקלה שהסרבר של אפל לא מגיב או שלא ניתן להתחבר אליו . הרצתי חיפוש באינטרנט ובאמת היה כתוב שהסרברים ממש עמוסים ושכדי לנסות יותר מאוחר ... המשכתי לנסות וגם מצאתי את הקובץ של ה- 4.3.5 וניסיתי לשחזר על ידי לחיצה על אופשין ולבחור את הקובץ הזה , אבל זה לא עבד .<br />ניסיתי להוריד מהאינטרנט את הקובץ של 5 , אבל גם זה לא עבד .<br />באיזשהו שלב האיפון הציג על המסך שלו את העיגול המסתובב הזה ולאחר כמה דקות ציור של תפוח ומתחתיו את הפס שטוען ואז שוב את העיגול ושוב את הפס וכך הלאה . הכנסתי אותו לדיאףיו , וניסתי לשחזר שוב וזה לא עובד .<br />כרגע האיטיונז מזהה את המכשיר שלי בתור איפון שנמצא ב- Recovery mode וכשאני מנסה לעשות ריסטור הוא מכריז על אינטרנאל ארור .<br />המכשיר מעולם לא נפרץ ... רק בשביל הפרוטוקול .<br />הצעות כלשהן ?<br />תודה רבה וחג שמח !",0,עדכון לאיאואס 5 הסתבך ...,13/10/2011 - 00:41,NULL,NULL,NULL,0,<blank>,0,0,NULL,0,46.120.75.237,0,0,1,MoxIpeN,1319191985,http://,http://,http://,<blank>,<blank>,<blank>,<blank>,<blank>,<blank>
16287,16286,החלפתי ל-user אחר <br />והבעייה נפתרה,0,היה לי משהו דומה,13/10/2011 - 08:12,NULL,NULL,NULL,0,<blank>,16286,1,NULL,0,12.104.140.3,0,0,1,nirl,1318486377,NULL,NULL,NULL,NULL,NULL,NULL,NULL,NULL,NULL
16288,16288,"חג שמח, לאחר המתנה וציפייה ארוכה, עדכנתי לios5 בשני האייפונים, אייפד2 ואייפוד טאצ'4 <br />שברשותינו (אני, אשתי והילדים).במק לא התחברתי לאייקלאוד כי אני על לאופרד. הרוב עובד כמו שצריך, למעט באחד האייפונים(האחד הכי חשוב-של אישתי, שכבר זועמת על &quot;מה שעשיתי&quot;). העניין הוא כזה:<br />עד היום, כל המכשירים היו על אותו אפל איי די וכולנו הורדנו אפס מאותו חשבון, וכמו כן, החשוב מכל, היינו על אותו חשבון במובייל מי ויכולנו לאתר כל מכשיר בעת הצורך בפיינד מיי אייפון.<br />עם השדרוג, היה צורך להפריד החשבונות מהסיבות הבאות:<br />1.האייפד הוא לא 3g ולכן כשהייתי שולח אליו הודעה באיימסג' היא היתה עוברת אליו לפי חשבון המייל שלי וזה כאילו ששלחתי גם לעצמי- כל הודעה שנשלחה מהאייפון שלי לאייפד היתה מופיעה אצלי באייפון פעמיים, פעם אחת שנשלחה, ופעם כנתקבלה, וכך גם באייפד.לכן פתחתי לאייפד אפל איי די ואייקלאוד משתמש חדש, כך גם לאייפון של אישתי..<br />2.לא רציתי מצב שבסנכרון לענן מהאייפון שלי, שגם של אשתי יסתנכרן על אותו מידע ואד יתערבב לנו המידע, ופתחתי חשבון חדש גם לה, ופה החלו הבעיות..<br />באייפד הכל פיקס, איימסג' עובד חלק, אני מוצא אותו בפיינד מיי אייפון גם מהאייפון שלי (כמובן שאני נכנס עם שם המשתמש והסיסמא שהקציתי לו). באייפון של אישתי האיימסג' לא עובד ב3g ואני לא בטוח עוד בתפקודו בווי-פיי, המכשיר לא מאותר בפיינד מיי אייפון, מצליח להכנס ליוזר אבל אין איתור של המכשיר והוא מראה לי את המיקום שלו בפעם האחרונה שאותר.<br />וגם, אחרי שקבעתי בהגדרות חנות של האייפון של אישתי ובאייפד את המשתמש החדש שיצרתי, בכל פעם שאני מוריד משהו או מתבקש להזדהות, עולה שם החשבון שלי, הישן, אני מקיש את הסיסמא שלי(מהחשבון המקורי הישן) ומתחבר.<br />השאלות שלי הן:<br />1.איך אני קובע בתור ברירת מחדל שהחשבונות החדשים שהקציתי למכשירים השונים יהיו אלו שיתחברו בכל פעם שאני צריך להשתמש באפל איי די?<br /><br />2.אם אני מוותר על אייקלאוד, אוכל להחזיר את האייפון של אישתי לאפל איי די שלי ושנינו נהיה על אותו חשבון בפיינד מיי אייפון (אבל אז איך נתכתב באיימסג' אם אנחנו באותו חשבון)?<br />וגם לאחר יוני 2012-התאריך שבו אתה נאלץ להעביר את חש' המובייל מי לאייקלאוד??<br />אציין גם שבכל חשבון אפל איי די חדש שייצרתי למשתמשים השונים, פתחתי גם משתמש  xxx@me.com שגם את זה אני לא מבין עד הסוף-אם יש אפל איי די, למה גם me?<br />3.האם יש דרך לחזור ל4.3.5?<br />4.האם אפשרי ששני האייפונים יגובו באייקלאוד על אותו חשבון אפל איי די/אייקלאוד איי די<br />מבלי שהמידע יתחבר ביחד?<br />אציין רק שמהסיבה שכל מכשיר שייך לאדם אחר, לא הייתי רוצה להעביר מידע בין המכשירים,<br />וגם אין לי בעיה להמשיך לגבות פעם בשבוע עם כבל למק. <br />|ורוד|עריכה- כל פעם שהיא חוזרת הביתה, גם בווי-פיי וגם ב3g האיימסג' עובד מצויין וגם &quot;פיינג מיי&quot;!ומחוץ לבית, כבר בשני מקומות שונים הוא לא עובד! מה זה יכול להיות? השאלות (1 ו-2) עדיין רלוונטיות...<br />תודה וחג שמח לכולכם, למי ששרד את ההודעה הארוכה...<br />",0,ios5 על המכשירים שבידי,16/10/2011 - 11:05,NULL,NULL,NULL,0,<blank>,0,0,"<span dir=""ltr"">16/10/2011 - 12:56</span>",0,109.186.16.145,0,0,1,soundracer,1318802308,http://,http://,http://,<blank>,<blank>,<blank>,<blank>,<blank>,<blank>
16289,16289,בסד<br />האם מישהו יודע האם ניתן פיזית לרכוש 4s בפרנקפורט<br />והאם הטלפון שניקנה t-mobile מגיע פתוח או נעול לרשתות אחרות<br />האם בכלל יהיה פריצה לנעילה לרשתות בios 5,0,האם יש למאן דהוא ידיעה לגבי 4s בגרמניה,16/10/2011 - 15:41,NULL,NULL,NULL,0,<blank>,0,0,NULL,0,79.253.51.207,0,0,1,icohen2002,1320337724,http://,http://,http://,<blank>,<blank>,<blank>,<blank>,<blank>,<blank>
16290,16288,"ולאור העריכה גם לא בטוח מה עובד ומה לא, אבל אצלי- וכך אני גם ממליץ &quot;בתוך המשפחה&quot;, חשבון האיקלאוד נפרד לכל אחד, וחשבון האייטיונס משותף לצורך ההורדות.",0,"לא בטוח שהפנמתי את כל הפרטים, ",16/10/2011 - 17:46,NULL,NULL,NULL,0,<blank>,16288,1,NULL,0,95.35.63.207,0,0,1,דני רוזין,1318779971,NULL,NULL,NULL,NULL,NULL,NULL,NULL,NULL,NULL
16291,16288,"אך כמה דברים טובים קרו במהלך היום, ובעיקר הבעיות שהיו עם אחד האייפונים אשר לא היה זמין לאיימסג׳ ולפיינד מיי, נבעו כנראה מבעיות ברשת, כי עכשיו הכל הסתדר מבלי שנקטתי שום פעולה, ועכשיו הוא מתפקד בכל סביבה באופן מושלם. באשר לעצתך להתנהלות המכשירים בתוך המשפחה, תודה. זהו פתרון מעולה, עליו קראתי באיזה פורום אחר בצהריים, ומסתבר שזו דאגה שנוגעת למשתמשים רבים בעולם. בשעה אחת נתקלתי בעשרות אנשים שדנים בסוגייה זו.. אגב, באופן מפתיע, הגיבו להודעתי גם בפורום מק-איט ה״רגיל״. <br />חג שמח!",0,"צודק, הייתי מבולגן ולא הכי ממוקד בהודעתי...",16/10/2011 - 19:57,NULL,NULL,NULL,0,<blank>,16290,2,NULL,0,109.67.206.123,0,0,1,soundracer,1318787871,NULL,NULL,NULL,NULL,NULL,NULL,NULL,NULL,NULL
16292,16288,"לטכנולוגיה המשפחתית: האישה לעולם לא תתלהב כמוך משינויים, אם כי מהר מאד תשתמש בהם (בלי להודות לך יותר מדי). וכמות ה״תודה״ על מה שעובד היא ביחס הפוך לעצמת הזעם  אם משהו פתאום לא עובד. <br />:-)",0,"ועוד תצפית (שוביניסטית!), של מי שאחראי  ",16/10/2011 - 23:58,NULL,NULL,NULL,0,<blank>,16291,3,NULL,0,109.186.124.12,0,0,1,דני רוזין,1318802308,NULL,NULL,NULL,NULL,NULL,NULL,NULL,NULL,NULL
16293,16293,"אז בעקבות ויכוח עם חבר אני שואל כאן, האם iPhone שנקנה לצורך העניין מאורנג' (בישראל כמובן) מגיע כSIM FREE ? או שיש צורך לבקש את מאורנג' (או סלקום או פלאפון) לפתוח אותו לSIM FREE ? (שכן, לפי החוק החדש יחסית חובה על כל חברה סלולארית לפתוח המכשיר אם הלקוח מבקש).<br /><br />תודה רבה !",0,שאלת iPhone ועניין הSIM FREE,17/10/2011 - 01:25,NULL,NULL,NULL,0,<blank>,0,0,NULL,0,93.172.10.223,0,0,1,castroman,1319535044,http://,http://,http://,<blank>,<blank>,<blank>,<blank>,<blank>,<blank>
16294,16293,<blank>,0,יש צורך לבקש והם פותחים לך ללא תשלום,17/10/2011 - 06:10,NULL,NULL,NULL,0,<blank>,16293,1,NULL,0,85.250.185.140,0,0,1,rod4,1318824630,NULL,NULL,NULL,NULL,NULL,NULL,NULL,NULL,NULL
16295,16295,"שוכנעתי לגמרי שנכון להיום אין  לי שום צורך לשדרג ל4S.<br />האייפון מריץ את המערכת בצורה חלקה למדי(איטיות מעטה פה ושם, לא משהו שאי אפשר להסתדר איתו).<br />מי שעד עכשיו הסתדר עם ה3GS יכול להמשיך איתו ללא חשש.<br />שאפו גדול לאפל שהצליחו לתת תמיכה בכזאת רמה למכשיר בן 3.",0,התקנתי IOS 5 על אייפון 3GS ולמעשה,17/10/2011 - 14:08,NULL,NULL,NULL,0,<blank>,0,0,NULL,0,84.94.103.219,0,0,1,משועמם,1318853293,http://,http://,http://,<blank>,<blank>,<blank>,<blank>,<blank>,<blank>
16296,16293,<blank>,0,תודה רבה,17/10/2011 - 16:39,NULL,NULL,NULL,0,<blank>,16294,2,NULL,0,93.172.10.223,0,0,1,castroman,1318862393,NULL,NULL,NULL,NULL,NULL,NULL,NULL,NULL,NULL
16297,16297,"הקליקו על הקישור הבא, ואולי תוכלו לזכות באייפון 4S מתנה ללא כל התחייבות...!<br /><br />http://www.purecash.co.il/DistributedClicker.aspx?p=123604x763<br /><br /><br />",0,הזדמנות לזכות באייפון 4S...!,20/10/2011 - 23:31,NULL,NULL,NULL,0,<blank>,0,0,NULL,1,77.126.134.104,0,0,1,SNOPPY,1319184402,http://,http://,http://,<blank>,<blank>,<blank>,<blank>,<blank>,<blank>
16298,16297,<blank>,0,נשמע אמיתי ומבטיח!!,21/10/2011 - 07:50,NULL,NULL,NULL,0,<blank>,16297,1,NULL,1,210.22.22.66,0,0,1,nirl,1319176217,NULL,NULL,NULL,NULL,NULL,NULL,NULL,NULL,NULL
16299,16297,כל אחד יכול לצאת בהצהרות |lol|,0,אל תקליקו על הלינק - זה וירוס!,21/10/2011 - 10:06,NULL,NULL,NULL,0,<blank>,16297,1,NULL,1,46.117.240.169,0,0,1,ronen82,1319184402,NULL,NULL,NULL,NULL,NULL,NULL,NULL,NULL,NULL

